<?xml version="1.0" encoding="utf-16"?>
<DeviceSettingsXml xmlns:xsi="http://www.w3.org/2001/XMLSchema-instance" xmlns:xsd="http://www.w3.org/2001/XMLSchema">
  <Device>
    <DeviceId>529e8aa6201f78b5</DeviceId>
    <AndroidBoardName>msm8994</AndroidBoardName>
    <AndroidBootloader>unknown</AndroidBootloader>
    <DeviceBrand>OnePlus</DeviceBrand>
    <DeviceModel>OnePlus2</DeviceModel>
    <DeviceModelIdentifier>ONE A2003_24_160604</DeviceModelIdentifier>
    <DeviceModelBoot>qcom</DeviceModelBoot>
    <HardwareManufacturer>OnePlus</HardwareManufacturer>
    <HardwareModel>ONE A2003</HardwareModel>
    <FirmwareBrand>OnePlus2</FirmwareBrand>
    <FirmwareTags>dev-keys</FirmwareTags>
    <FirmwareType>user</FirmwareType>
    <FirmwareFingerprint>OnePlus/OnePlus2/OnePlus2:6.0.1/MMB29M/1447840820:user/release-keys</FirmwareFingerprint>
  </Device>
  <Sensors>    
    <AccelNormalizedX>0.02</AccelNormalizedX>
    <AccelNormalizedY>0.3</AccelNormalizedY>
    <AccelNormalizedZ>9.8</AccelNormalizedZ>
    <MagnetometerX>0.012271042913198471</MagnetometerX>
    <MagnetometerY>-0.015570580959320068</MagnetometerY>
    <MagnetometerZ>0.010850906372070313</MagnetometerZ>
    <AngleNormalizedX>17.950439453125</AngleNormalizedX>
    <AngleNormalizedY>-23.36273193359375</AngleNormalizedY>
    <AngleNormalizedZ>-48.8250732421875</AngleNormalizedZ>
    <AccelRawX>-0.0120010357350111</AccelRawX>
    <AccelRawY>-0.04214850440621376</AccelRawY>
    <AccelRawZ>0.94571763277053833</AccelRawZ>
    <GyroscopeRawX>7.62939453125E-05</GyroscopeRawX>
    <GyroscopeRawY>-0.00054931640625</GyroscopeRawY>
    <GyroscopeRawZ>0.0024566650390625</GyroscopeRawZ>
  </Sensors>
</DeviceSettingsXml>